BAB,Tipe,Nomor,Teks Soal,Poin,Kunci,Opsi A,Opsi B,Opsi C,Opsi D,Opsi E,Kata Kunci AI
"BAB 1","mcq",1,"Tujuan pokok pemerintah pendudukan militer Jepang membentuk organisasi Pembela Tanah Air (PETA) pada tahun 1943 adalah...",2,"B","Mempersiapkan kemerdekaan bangsa Indonesia secara mandiri dan bertahap","Mendapatkan bantuan tentara pribumi guna mempertahankan kepulauan Indonesia dari serangan tentara Sekutu","Membubarkan seluruh organisasi kepemudaan yang beraliran nasionalis dan keagamaan","Menggantikan posisi tentara KNIL Belanda dalam birokrasi pemerintahan sipil daerah","Menyerang pangkalan militer Sekutu yang berada di wilayah Pasifik Barat",""
"BAB 1","mcq",2,"Salah satu dampak sosial-ekonomi paling memilukan yang dialami rakyat Indonesia pada masa pendudukan Jepang akibat pengerahan tenaga kerja paksa adalah...",2,"B","Diterapkannya sistem sewa tanah (Landrent System) di seluruh perkebunan swasta","Kewajiban Romusha yang mengakibatkan kelaparan massal, kemiskinan ekstrem, dan tingginya angka mortalitas rakyat","Pelaksanaan kebijakan tanam paksa (Cultuurstelsel) khusus tanaman tebu dan tembakau","Dihapuskannya mata uang gulden dan diganti langsung dengan mata uang Poundsterling Inggris","Kewajiban penyerahan rempah-rempah kepada serikat dagang VOC",""
"BAB 1","mcq",3,"Kebijakan Seikerei yang diwajibkan oleh tentara pendudukan Jepang dan memicu perlawanan rakyat di Singaparna Tasikmalaya dipimpin KH Zaenal Mustafa adalah kewajiban untuk...",2,"B","Menyerahkan seluruh hasil panen padi kepada Koperasi Pertanian Kumiai","Membungkuk 90 derajat ke arah matahari terbit (Tokyo) sebagai wujud penghormatan kepada Kaisar Tenno Heika","Menggunakan bahasa Jepang sebagai satu-satunya bahasa percakapan sehari-hari","Mengikuti wajib militer bagi seluruh pemuda usia di atas 15 tahun tanpa terkecuali","Menyanyikan lagu kebangsaan Kimigayo pada setiap awal ibadah keagamaan",""
"BAB 1","mcq",4,"Organisasi semi-militer bentukan Jepang yang beranggotakan para pemuda berusia 14 hingga 22 tahun dengan tujuan mempersiapkan pertahanan baris belakang adalah...",2,"A","Seinendan (Barisan Pemuda)","Keibodan (Barisan Pembantu Polisi)","Fujinkai (Barisan Wanita)","Heiho (Barisan Pembantu Prajurit Militer)","Gakukotai (Laskar Pelajar)",""
"BAB 1","mcq",5,"Janji Koiso yang diumumkan oleh Perdana Menteri Kuniaki Koiso pada 7 September 1944 bertujuan politis untuk...",2,"A","Menarik simpati dan dukungan rakyat Indonesia agar bersedia membantu Jepang dalam Perang Pasifik","Membubarkan badan persiapan kemerdekaan BPUPKI secara sepihak","Menyerahkan kekuasaan Hindia Belanda kepada Sekutu secara damai","Membentuk uni persemakmuran antara Indonesia dan Kekaisaran Jepang","Menghapuskan sistem mata uang militer Jepang (Gunpyo) di Indonesia",""
"BAB 1","mcq",6,"Kebijakan autarki ekonomi yang diberlakukan oleh pemerintah militer Jepang di Indonesia mewajibkan setiap daerah untuk...",2,"A","Memenuhi kebutuhan pangan dan logistik perang secara mandiri tanpa bergantung pada daerah lain","Menjual seluruh hasil komoditas tambang kepada pedagang swasta Eropa","Mengimpor beras dan gandum dari wilayah pendudukan di Burma dan Filipina","Membuka pasar bebas bagi produk manufaktur buatan Amerika Serikat","Menghentikan seluruh aktivitas perikanan dan pertanian rakyat di pesisir",""
"BAB 1","short_essay",7,"Sebutkan nama tokoh perwira PETA berpangkat Shodancho yang memimpin pemberontakan bersenjata melawan tentara Jepang di Blitar pada 14 Februari 1945!",2,"","","","","","","Supriyadi; Shodancho Supriyadi; Soeprijadi"
"BAB 1","essay",8,"Analislah bagaimana para tokoh pergerakan nasional (seperti Sukarno dan Moh. Hatta) memanfaatkan taktik kooperasi melalui organisasi bentukan Jepang (seperti Putera dan Jawa Hokokai) demi mempersiapkan kemerdekaan Indonesia!",4,"","","","","","","taktik kooperasi; Putera; Jawa Hokokai; Sukarno; Hatta; menanamkan nasionalisme; BPUPKI; rapat akbar; cikal bakal TNI"
"BAB 2","mcq",9,"Faktor krusial yang memicu terjadinya kekosongan kekuasaan (vacuum of power) di Indonesia pada pertengahan Agustus 1945 adalah...",2,"A","Jepang menyerah tanpa syarat kepada Sekutu setelah peristiwa bom atom Hiroshima dan Nagasaki","Pasukan Sekutu telah mendarat serentak di seluruh pelabuhan utama pulau Jawa","Pemerintah kolonial Belanda menyatakan pembatalan klaim atas wilayah Hindia Belanda","Seluruh pimpinan militer Jepang di Batavia melarikan diri ke Australia","Terjadinya gencatan senjata antara Uni Soviet dan Kekaisaran Jepang di Manchuria",""
"BAB 2","mcq",10,"Peristiwa Rengasdengklok pada tanggal 16 Agustus 1945 didorong oleh perbedaan pandangan mendasar antara golongan muda dan golongan tua mengenai...",2,"A","Waktu dan mekanisme proklamasi yang harus dilakukan murni kekuatan sendiri tanpa campur tangan dan izin PPKI/Jepang","Penentuan calon menteri kabinet pertama Republik Indonesia","Lokasi pembacaan naskah proklamasi kemerdekaan antara Lapangan Ikada atau Pegangsaan Timur","Pemilihan bahasa asing yang akan digunakan dalam siaran radio naskah proklamasi","Perdebatan lambang Garuda Pancasila dan bentuk negara federasi",""
"BAB 2","mcq",11,"Alasan dipilihnya kediaman Laksamana Tadashi Maeda di Jalan Imam Bonjol No. 1 Jakarta sebagai lokasi perumusan teks Proklamasi adalah...",2,"A","Memiliki hak imunitas ekstra-teritorial perwira Angkatan Laut (Kaigun) yang aman dari intervensi Angkatan Darat Jepang (Rikugun)","Merupakan markas utama barisan pemuda laskar pejuang Menteng 31","Berdekatan langsung dengan stasiun pemancar radio pusat Hoso Kanrikyoku","Telah mendapatkan izin tertulis resmi dari Panglima Tertinggi Tentara Sekutu di Asia Tenggara","Menjadi kantor resmi Badan Penyelidik Usaha-Usaha Persiapan Kemerdekaan (BPUPKI)",""
"BAB 2","mcq",12,"Hasil keputusan fundamental dalam Sidang Pertama PPKI pada tanggal 18 Agustus 1945 adalah...",2,"A","Mengesahkan UUD 1945 serta menetapkan Ir. Soekarno sebagai Presiden dan Drs. Moh. Hatta sebagai Wakil Presiden","Membagi wilayah Indonesia menjadi 8 provinsi dan menunjuk para gubernurnya","Membentuk Badan Keamanan Rakyat (BKR) sebagai angkatan bersenjata resmi negara","Membentuk 12 kementerian departemen pemerintahan kabinet pertama","Menetapkan mata uang resmi Oeang Republik Indonesia (ORI) menggantikan rupiah Jepang",""
"BAB 2","mcq",13,"Tokoh pemuda yang mengusulkan agar naskah Proklamasi Kemerdekaan ditandatangani oleh Sukarno dan Moh. Hatta atas nama bangsa Indonesia adalah...",2,"A","Sukarni Kartodiwirjo","Sayuti Melik","Wikana","Chairul Saleh","BM Diah",""
"BAB 2","mcq",14,"Peran wartawan BM Diah setelah pembacaan teks Proklamasi 17 Agustus 1945 sangat penting karena bertugas...",2,"A","Menyebarluaskan berita proklamasi kemerdekaan melalui percetakan selebaran pamflet dan surat kabar ke seluruh pelosok","Mengetik naskah proklamasi yang telah disetujui para tokoh bangsa","Mengamankan bendera merah putih dari sitaan tentara Jepang","Menjaga keamanan fisik Bung Karno di kediaman Pegangsaan Timur","Menjadi penerjemah teks kemerdekaan ke dalam bahasa Inggris di radio Sekutu",""
"BAB 2","short_essay",15,"Sebutkan nama tokoh yang mengetik naskah otentik Proklamasi Kemerdekaan Indonesia dan mengubah kata 'tempoh' menjadi 'tempo'!",2,"","","","","","","Sayuti Melik; Mohamad Ibnu Sayuti; Ibnu Sayuti"
"BAB 2","essay",16,"Uraikan makna kalimat pertama teks Proklamasi: 'Kami bangsa Indonesia dengan ini menyatakan kemerdekaan Indonesia' ditinjau dari aspek kedaulatan de facto dan pemutusan ikatan kolonialisme!",4,"","","","","","","pernyataan kemerdekaan; kedaulatan de facto; pemutusan ikatan kolonial; kehendak bebas rakyat; hukum internasional; proklamasi kemerdekaan"
"BAB 3","mcq",17,"Penyebab utama meletusnya pertempuran dahsyat 10 November 1945 di Surabaya antara pemuda Arek Suroboyo melawan tentara Sekutu (Inggris) adalah...",2,"A","Tewasnya Brigadir Jenderal A.W.S. Mallaby dan penolakan terhadap ultimatum Sekutu agar rakyat Surabaya menyerahkan senjata","Penyerahan pangkalan armada laut Ujung Surabaya kepada pihak NICA Belanda","Penolakan penetapan garis demarkasi van Mook oleh pejuang Jawa Timur","Penangkapan Gubernur Suryo oleh tentara Gurkha Sekutu","Pengibaran bendera Uni Soviet di atas Hotel Yamato Surabaya",""
"BAB 3","mcq",18,"Doktrin militer 'bumi hangus' yang dilakukan para pejuang dalam peristiwa Bandung Lautan Api 24 Maret 1946 bertujuan taktis untuk...",2,"A","Mencegah tentara Sekutu dan NICA memanfaatkan sarana infrastruktur kota Bandung sebagai markas militer strategis","Mengalihkan perhatian pasukan Sekutu dari wilayah Yogyakarta ke Jawa Barat","Menghancurkan seluruh gudang senjata tentara Jepang yang berada di pedalaman","Mematuhi instruksi gencatan senjata tanpa syarat dari pemerintah pusat RIS","Mempercepat evakuasi pejabat kementerian menuju wilayah Cirebon",""
"BAB 3","mcq",19,"Hasil kesepakatan Perundingan Linggarjati tahun 1947 menyatakan bahwa Belanda hanya mengakui wilayah kekuasaan de facto RI meliputi...",2,"A","Jawa, Sumatera, dan Madura","Seluruh wilayah bekas Hindia Belanda dari Sabang sampai Merauke","Jawa, Bali, dan Nusa Tenggara Barat","Sumatera, Kalimantan, dan Sulawesi","Wilayah Republik Indonesia Serikat (RIS) bagian timur semata",""
"BAB 3","mcq",20,"Dampak politis internasional paling krusial dari keberhasilan 'Serangan Umum 1 Maret 1949' di Yogyakarta adalah...",2,"A","Membuktikan kepada dunia internasional dan Dewan Keamanan PBB bahwa TNI dan eksistensi RI masih tegak berdaulat","Memukul mundur seluruh divisi militer Belanda dari kepulauan Nusantara secara permanen","Membebaskan Presiden Sukarno dan Moh. Hatta dari pengasingan di Pulau Bangka seketika itu juga","Mendapatkan kiriman armada pesawat tempur dari negara anggota Dewan Keamanan PBB","Membubarkan Pemerintahan Darurat Republik Indonesia (PDRI) di Bukittinggi",""
"BAB 3","mcq",21,"Peran Mr. Sjafruddin Prawiranegara dalam dinamika mempertahankan kemerdekaan saat Agresi Militer Belanda II adalah...",2,"A","Memimpin Pemerintahan Darurat Republik Indonesia (PDRI) di Sumatera Barat guna menjaga kelangsungan kedaulatan negara","Menjadi ketua delegasi Indonesia dalam Konferensi Meja Bundar di Den Haag","Memimpin perang gerilya bersama Jenderal Sudirman di hutan rimba Jawa Tengah","Mendirikan Komisi Tiga Negara (KTN) bersama wakil dari Australia dan Belgia","Menandatangani Perjanjian Roem-Royen di Jakarta",""
"BAB 3","mcq",22,"Salah satu keputusan fundamental Konferensi Meja Bundar (KMB) di Den Haag Belanda tahun 1949 adalah...",2,"A","Belanda menyerahkan dan mengakui kedaulatan penuh kepada Republik Indonesia Serikat (RIS)","Penyerahan langsung wilayah Irian Barat dalam tempo 24 jam tanpa perundingan lanjutan","Penggabungan seluruh tentara KNIL ke dalam kesatuan militer Kerajaan Belanda di Eropa","Penghapusan seluruh beban utang Hindia Belanda sejak tahun 1942","Pembentukan negara persemakmuran di bawah pimpinan Presiden Amerika Serikat",""
"BAB 3","short_essay",23,"Sebutkan nama tokoh pejuang yang mengobarkan semangat perlawanan rakyat Surabaya lewat orasi Radio Pemberontakan pada peristiwa 10 November 1945!",2,"","","","","","","Bung Tomo; Sutomo"
"BAB 3","essay",24,"Bandingkan efektivitas strategi diplomasi perundingan (Linggarjati, Renville, KMB) dengan strategi perjuangan bersenjata dalam upaya mempertahankan kemerdekaan Indonesia kurun waktu 1945-1949!",4,"","","","","","","perjuangan diplomasi; perjuangan bersenjata; saling melengkapi; simpati internasional; Dewan Keamanan PBB; pengakuan de jure; TNI"
"BAB 4","mcq",25,"Ciri utama sistem pemerintahan pada masa Demokrasi Parlementer / Liberal (1950–1959) di bawah landasan UUDS 1950 adalah...",2,"A","Pemerintahan dipimpin oleh seorang Perdana Menteri yang bertanggung jawab kepada parlemen (DPR)","Presiden memegang kekuasaan eksekutif absolut tanpa pengawasan parlemen","Sistem satu partai tunggal yang mengendalikan seluruh kebijakan daerah","Menteri diangkat dan hanya bertanggung jawab langsung kepada Presiden","Anggota parlemen ditunjuk langsung oleh Mahkamah Agung",""
"BAB 4","mcq",26,"Kabinet pertama yang memerintah pada masa Demokrasi Liberal di Indonesia dan berlandaskan koalisi Masyumi-PNI adalah...",2,"A","Kabinet Natsir","Kabinet Sukiman","Kabinet Wilopo","Kabinet Ali Sastroamidjojo I","Kabinet Burhanuddin Harahap",""
"BAB 4","mcq",27,"Prestasi diplomasi internasional terbesar bangsa Indonesia pada masa Kabinet Ali Sastroamidjojo I tahun 1955 adalah penyelenggaraan...",2,"A","Konferensi Asia Afrika (KAA) di Bandung yang melahirkan Dasasila Bandung","Pesta Olahraga Games of the New Emerging Forces (GANEFO)","Konferensi Tingkat Tinggi (KTT) Non-Blok pertama di Beograd","Pembentukan sekretariat bersama ASEAN di Jakarta","Perjanjian bantuan ekonomi Mutual Security Act dengan Amerika Serikat",""
"BAB 4","mcq",28,"Faktor determinan yang melatarbelakangi Presiden Sukarno mengeluarkan Dekrit Presiden 5 Juli 1959 adalah...",2,"A","Kegagalan Badan Konstituante menetapkan UUD baru pengganti UUDS 1950 yang memicu ancaman disintegrasi bangsa","Terjadinya agresi militer asing di kepulauan Maluku","Pemutusan sepihak hubungan bilateral diplomatik dengan Uni Soviet","Tuntutan pembubaran parlemen oleh serikat buruh migran","Kekalahan telak partai nasionalis dalam pemilihan umum legislatif",""
"BAB 4","mcq",29,"Pemilu demokratis pertama dalam sejarah Indonesia pada tahun 1955 dilaksanakan dalam dua tahap, yaitu untuk memilih...",2,"A","Anggota DPR (Parlemen) pada tahap I dan Anggota Dewan Konstituante pada tahap II","Presiden pada tahap I dan Wakil Presiden pada tahap II","Gubernur provinsi pada tahap I dan Bupati pada tahap II","Menteri kabinet pada tahap I dan Panglima militer pada tahap II","Anggota Mahkamah Agung pada tahap I dan Jaksa Agung pada tahap II",""
"BAB 4","mcq",30,"Konsep ideologi politik 'Nasakom' yang diperkenalkan Presiden Sukarno pada era Demokrasi Terpimpin menggabungkan tiga pilar kekuatan, yaitu...",2,"A","Nasionalisme, Agama, dan Komunisme","Nasionalisme, Agraria, dan Koperasi","Negara, Angkatan Perang, dan Komando","Nusantara, Adat, dan Kemaritiman","Nasionalis, Sosialis, dan Demokratis",""
"BAB 4","short_essay",31,"Sebutkan nama deklarasi wilayah maritim Indonesia yang dicetuskan pada 13 Desember 1957 yang menetapkan batas laut teritorial 12 mil laut diukur dari garis pantai pulau terluar!",2,"","","","","","","Deklarasi Djuanda; Djuanda; Ir. Djuanda; Deklarasi Juanda"
"BAB 4","essay",32,"Analislah penyebab instabilitas politik dan seringnya pergantian kabinet pada masa Demokrasi Liberal (1950-1959) serta dampaknya terhadap keberlanjutan program pembangunan ekonomi nasional!",4,"","","","","","","sistem multipartai; mosi tidak percaya; parlemen rapuh; kabinet jatuh bangun; kepentingan golongan; program pembangunan terhambat; UUDS 1950"
"BAB 5","mcq",33,"Dokumen bersejarah yang dikeluarkan pada 11 Maret 1966 dan menjadi landasan legal peralihan kekuasaan dari Orde Lama ke Orde Baru dikenal sebagai...",2,"A","Surat Perintah Sebelas Maret (Supersemar)","Dekrit Presiden 11 Maret","Maklumat Pemerintah No. X","Piagam Jakarta 1966","Manifesto Politik Republik Indonesia",""
"BAB 5","mcq",34,"Pilar utama pembangunan ekonomi pada era Orde Baru yang dirumuskan dalam doktrin 'Trilogi Pembangunan' bertumpu pada...",2,"A","Stabilitas nasional yang dinamis, pertumbuhan ekonomi tinggi, dan pemerataan pembangunan beserta hasilnya","Nasionalisasi seluruh aset korporasi asing dan swastanisasi bank pemerintah","Penghapusan utang luar negeri secara sepihak dan swasembada industri berat","Pemberian hak veto mutlak kepada partai oposisi di parlemen","Pemberantasan monopoli perdagangan dan penutupan penanaman modal asing",""
"BAB 5","mcq",35,"Prioritas utama program Rencana Pembangunan Lima Tahun (Repelita I) yang dimulai pada tahun 1969 difokuskan pada pemulihan sektor...",2,"A","Pertanian, pemenuhan pangan, sandang, dan perbaikan infrastruktur jalan","Industri perakitan otomotif dan penerbangan antariksa","Pengembangan teknologi komputer dan kecerdasan buatan","Eksplorasi nuklir dan persenjataan pertahanan berat","Sektor perbankan syariah dan bursa efek internasional",""
"BAB 5","mcq",36,"Prestasi monumental sektor agraris Indonesia pada masa Orde Baru yang mendapatkan apresiasi penghargaan internasional dari FAO (PBB) pada tahun 1984 adalah...",2,"A","Pencapaian Swasembada Beras / Pangan Nasional","Pengekspor kelapa sawit terbesar di dunia","Penghasil kedelai organik nomor satu di Asia","Penggagas revolusi energi hijau terbarukan","Pengendali cadangan pupuk kimia regional ASEAN",""
"BAB 5","mcq",37,"Kebijakan fusi partai politik pada tahun 1973 menyederhanakan kontestan pemilu di masa Orde Baru menjadi tiga entitas, yaitu...",2,"A","PPP (Partai Persatuan Pembangunan), PDI (Partai Demokrasi Indonesia), dan Golongan Karya (Golkar)","Masyumi, Nahdlatul Ulama, dan Partai Nasional Indonesia","Partai Demokrat, PDI Perjuangan, dan Partai Gerindra","Partai Buruh, Partai Sosialis, dan Partai Murba","PKB, PAN, dan Partai Nasdem",""
"BAB 5","mcq",38,"Penerapan konsep 'Dwifungsi ABRI' secara masif pada masa Orde Baru menempatkan militer dalam dua peran sekaligus, yaitu...",2,"A","Sebagai garda pertahanan keamanan negara sekaligus kekuatan sosial-politik di birokrasi pemerintahan","Sebagai aparat kepolisian dan pengelola bursa efek nasional","Sebagai pengawas kurikulum pendidikan dan hakim peradilan sipil","Sebagai pasukan perdamaian PBB dan pengelola industri perbankan swasta","Sebagai duta diplomasi kebudayaan dan pengawas pers daerah",""
"BAB 5","mcq",39,"Program kesehatan masyarakat dan pengendalian ledakan laju pertumbuhan penduduk yang berhasil dijalankan pada era Orde Baru adalah...",2,"A","Program Keluarga Berencana (KB) dengan slogan 'Dua Anak Cukup' dan Posyandu","Program Jaminan Kesehatan Nasional BPJS Mandiri","Program Wajib Militer Pelajar dan Transmigrasi Otomatis","Program Asuransi Tenaga Kerja Swasta Internasional","Program Imunisasi Terpadu Berbasis Digital",""
"BAB 5","mcq",40,"Dampak negatif dominasi kekuasaan eksekutif dan sentralisasi pemerintahan yang berlebihan pada akhir masa Orde Baru adalah...",2,"A","Merajalelanya praktik Korupsi, Kolusi, dan Nepotisme (KKN) serta pembungkaman kebebasan pers","Rendahnya angka partisipasi pemilih dalam pemilihan umum legislatif","Terputusnya seluruh hubungan kerja sama ekonomi dengan negara-negara Barat","Terjadinya konflik perbatasan maritim dengan seluruh negara tetangga ASEAN","Penghapusan secara total anggaran belanja pendidikan nasional",""
"BAB 5","short_essay",41,"Sebutkan nama lembaga logistik pemerintah yang dibentuk pada era Orde Baru untuk mengendalikan kestabilan harga beras dan sembako secara nasional!",2,"","","","","","","Bulog; Badan Urusan Logistik"
"BAB 6","mcq",42,"Faktor ekonomi determinan yang memicu krisis multidimensi dan gelombang aksi demonstrasi mahasiswa menuntut Reformasi 1998 adalah...",2,"A","Krisis Moneter Asia yang mengakibatkan anjloknya nilai tukar Rupiah terhadap Dolar AS, inflasi tinggi, dan gelombang PHK massal","Kebijakan embargo perdagangan internasional dari negara-negara anggota PBB","Kegagalan total panen raya nasional akibat kemarau ekstrem El Nino","Ditariknya seluruh investasi tambang minyak dari negara-negara Timur Tengah","Kenaikan tarif pajak ekspor manufaktur tekstil secara mendadak",""
"BAB 6","mcq",43,"Peristiwa bersejarah pengunduran diri Presiden Soeharto yang menandai berakhirnya era Orde Baru terjadi pada tanggal...",2,"A","21 Mei 1998 di Istana Merdeka Jakarta","12 Mei 1998 di Universitas Trisakti","17 Agustus 1998 di Gedung DPR/MPR","10 November 1998 di Tugu Pahlawan Surabaya","25 Desember 1998 di Markas Besar ABRI",""
"BAB 6","mcq",44,"Agenda pokok '6 Tuntutan Reformasi' yang diperjuangkan oleh gerakan mahasiswa dan elemen masyarakat tahun 1998 meliputi...",2,"A","Adili Soeharto dan kroninya, amandemen UUD 1945, hapuskan Dwifungsi ABRI, tegakkan supremasi hukum, otonomi daerah, dan berantas KKN","Kembali ke UUD 1945 asli tanpa amandemen dan penutupan seluruh bank asing","Pembubaran dewan perwakilan rakyat dan pembentukan sistem monarki parlementer","Penerapan sistem pemilihan umum bertingkat dan penolakan bantuan pinjaman IMF","Pemisahan seluruh provinsi di luar pulau Jawa menjadi negara bagian merdeka",""
"BAB 6","mcq",45,"Langkah terobosan demokratis yang diambil pada masa pemerintahan Presiden B.J. Habibie di bidang komunikasi dan informasi adalah...",2,"A","Membuka kebebasan pers seluas-luasnya melalui pencabutan Surat Izin Usaha Penerbitan Pers (SIUPP)","Mewajibkan seluruh kantor berita berafiliasi dengan stasiun televisi TVRI","Menutup akses internet dan jaringan telekomunikasi luar negeri","Menghapuskan Departemen Penerangan dan Kominfo secara mendadak","Memberlakukan sensor mutlak atas setiap artikel berita politik harian",""
"BAB 6","mcq",46,"Salah satu perubahan mendasar dalam struktur ketatanegaraan Indonesia pasca amandemen UUD 1945 (1999–2002) adalah...",2,"A","Presiden dan Wakil Presiden dipilih langsung oleh rakyat serta pembatasan masa jabatan maksimal 2 periode (10 tahun)","Presiden memegang wewenang legislatif penuh tanpa persetujuan DPR RI","Penghapusan Mahkamah Konstitusi dan Komisi Yudisial","Pengangkatan anggota MPR seumur hidup dari unsur golongan karya","Peniadaan pemilihan kepala daerah dan penunjukan langsung oleh Presiden",""
"BAB 6","mcq",47,"Lembaga penegak hukum independen yang dibentuk pada era Reformasi (tahun 2002) dengan kewenangan khusus memberantas tindak pidana korupsi adalah...",2,"A","Komisi Pemberantasan Korupsi (KPK)","Badan Pemeriksa Keuangan (BPK)","Pusat Pelaporan dan Analisis Transaksi Keuangan (PPATK)","Komisi Pengawas Persaingan Usaha (KPPU)","Komisi Kejaksaan Republik Indonesia",""
"BAB 6","mcq",48,"Pemilihan Umum Presiden dan Wakil Presiden secara Langsung oleh rakyat untuk pertama kalinya dalam sejarah Indonesia diselenggarakan pada tahun...",2,"A","2004","1999","2009","2014","1997",""
"BAB 6","mcq",49,"Penerapan kebijakan Otonomi Daerah melalui UU No. 22 Tahun 1999 bertujuan positif untuk...",2,"A","Memberikan wewenang kepada pemerintah daerah kabupaten/kota untuk mengatur potensi dan pembangunan daerahnya sendiri","Mengurangi kewajiban perpajakan pemerintah daerah kepada negara tetangga","Membentuk mata uang regional di masing-masing provinsi kepulauan","Menghapuskan sistem peradilan hukum nasional di tingkat daerah","Membagi kepulauan Indonesia menjadi negara persemakmuran mandiri",""
"BAB 6","essay",50,"Evaluasilah dampak positif dan tantangan pelaksanaan Pemilu Presiden Langsung serta Otonomi Daerah pada era Reformasi terhadap kematangan demokrasi di Indonesia!",4,"","","","","","","pemilu langsung; otonomi daerah; partisipasi rakyat; desentralisasi; kedaulatan rakyat; KPU; tantangan politik dinasti; transparansi"
